test_0.au	7
test_1.au	8
test_2.au	8
test_3.au	0
test_4.au	1
test_5.au	5
test_6.au	0
test_7.au	8
test_8.au	5
test_9.au	5
test_10.au	6
test_11.au	0
test_12.au	5
test_13.au	7
test_14.au	3
test_15.au	5
test_16.au	4
test_17.au	0
test_18.au	7
test_19.au	7
test_20.au	6
test_21.au	1
test_22.au	2
test_23.au	4
test_24.au	5
test_25.au	4
test_26.au	1
test_27.au	1
test_28.au	5
test_29.au	0
test_30.au	4
test_31.au	0
test_32.au	4
test_33.au	5
test_34.au	0
test_35.au	5
test_36.au	8
test_37.au	5
test_38.au	8
test_39.au	2
test_40.au	1
test_41.au	4
test_42.au	3
test_43.au	1
test_44.au	9
test_45.au	8
test_46.au	8
test_47.au	8
test_48.au	5
test_49.au	1
test_50.au	5
test_51.au	1
test_52.au	5
test_53.au	4
test_54.au	1
test_55.au	7
test_56.au	9
test_57.au	0
test_58.au	2
test_59.au	8
test_60.au	0
test_61.au	8
test_62.au	5
test_63.au	6
test_64.au	8
test_65.au	0
test_66.au	9
test_67.au	4
test_68.au	8
test_69.au	3
test_70.au	2
test_71.au	7
test_72.au	1
test_73.au	4
test_74.au	3
test_75.au	0
test_76.au	6
test_77.au	5
test_78.au	0
test_79.au	1
test_80.au	9
test_81.au	3
test_82.au	4
test_83.au	4
test_84.au	2
test_85.au	8
test_86.au	2
test_87.au	0
test_88.au	1
test_89.au	6
test_90.au	9
test_91.au	5
test_92.au	7
test_93.au	6
test_94.au	2
test_95.au	0
test_96.au	0
test_97.au	9
test_98.au	6
test_99.au	0
test_100.au	4
test_101.au	6
test_102.au	0
test_103.au	5
test_104.au	7
test_105.au	4
test_106.au	2
test_107.au	1
test_108.au	5
test_109.au	4
test_110.au	7
test_111.au	4
test_112.au	9
test_113.au	5
test_114.au	1
test_115.au	2
test_116.au	0
test_117.au	6
test_118.au	4
test_119.au	2
test_120.au	6
test_121.au	4
test_122.au	4
test_123.au	1
test_124.au	8
test_125.au	5
test_126.au	8
test_127.au	0
test_128.au	2
test_129.au	3
test_130.au	2
test_131.au	1
test_132.au	9
test_133.au	0
test_134.au	6
test_135.au	1
test_136.au	0
test_137.au	2
test_138.au	3
test_139.au	1
test_140.au	1
test_141.au	8
test_142.au	1
test_143.au	7
test_144.au	3
test_145.au	8
test_146.au	4
test_147.au	2
test_148.au	5
test_149.au	9
test_150.au	4
test_151.au	3
test_152.au	0
test_153.au	3
test_154.au	0
test_155.au	1
test_156.au	9
test_157.au	7
test_158.au	8
test_159.au	9
test_160.au	8
test_161.au	9
test_162.au	4
test_163.au	5
test_164.au	4
test_165.au	2
test_166.au	4
test_167.au	1
test_168.au	0
test_169.au	7
test_170.au	6
test_171.au	5
test_172.au	0
test_173.au	5
test_174.au	3
test_175.au	3
test_176.au	2
test_177.au	4
test_178.au	1
test_179.au	0
test_180.au	6
test_181.au	5
test_182.au	6
test_183.au	6
test_184.au	0
test_185.au	1
test_186.au	9
test_187.au	9
test_188.au	4
test_189.au	4
test_190.au	1
test_191.au	0
test_192.au	0
test_193.au	5
test_194.au	1
test_195.au	1
test_196.au	3
test_197.au	6
test_198.au	3
test_199.au	1
test_200.au	0
test_201.au	3
test_202.au	0
test_203.au	6
test_204.au	9
test_205.au	1
test_206.au	6
test_207.au	0
test_208.au	2
test_209.au	7
test_210.au	2
test_211.au	4
test_212.au	5
test_213.au	8
test_214.au	7
test_215.au	0
test_216.au	0
test_217.au	6
test_218.au	2
test_219.au	3
test_220.au	8
test_221.au	0
test_222.au	8
test_223.au	3
test_224.au	1
test_225.au	1
test_226.au	5
test_227.au	9
test_228.au	6
test_229.au	0
test_230.au	8
test_231.au	6
test_232.au	3
test_233.au	4
test_234.au	7
test_235.au	9
test_236.au	7
test_237.au	3
test_238.au	4
test_239.au	5
test_240.au	8
test_241.au	0
test_242.au	5
test_243.au	3
test_244.au	9
test_245.au	5
test_246.au	0
test_247.au	0
test_248.au	0
test_249.au	5
test_250.au	3
test_251.au	2
test_252.au	1
test_253.au	7
test_254.au	1
test_255.au	7
test_256.au	8
test_257.au	2
test_258.au	4
test_259.au	1
test_260.au	9
test_261.au	0
test_262.au	2
test_263.au	2
test_264.au	1
test_265.au	7
test_266.au	3
test_267.au	6
test_268.au	3
test_269.au	5
test_270.au	8
test_271.au	5
test_272.au	8
test_273.au	1
test_274.au	6
test_275.au	8
test_276.au	5
test_277.au	2
test_278.au	5
test_279.au	4
test_280.au	7
test_281.au	2
test_282.au	5
test_283.au	1
test_284.au	4
test_285.au	2
test_286.au	7
test_287.au	5
test_288.au	3
test_289.au	7
test_290.au	7
test_291.au	2
test_292.au	3
test_293.au	3
test_294.au	1
test_295.au	7
test_296.au	8
test_297.au	3
test_298.au	1
test_299.au	7
test_300.au	6
test_301.au	0
test_302.au	2
test_303.au	4
test_304.au	4
test_305.au	6
test_306.au	2
test_307.au	3
test_308.au	0
test_309.au	1
test_310.au	5
test_311.au	0
test_312.au	7
test_313.au	3
test_314.au	1
test_315.au	4
test_316.au	4
test_317.au	6
test_318.au	4
test_319.au	7
test_320.au	2
test_321.au	0
test_322.au	6
test_323.au	4
test_324.au	6
test_325.au	8
test_326.au	2
test_327.au	8
test_328.au	7
test_329.au	3
test_330.au	7
test_331.au	0
test_332.au	1
test_333.au	7
test_334.au	4
test_335.au	9
test_336.au	9
test_337.au	0
test_338.au	6
test_339.au	5
test_340.au	1
test_341.au	4
test_342.au	8
test_343.au	3
test_344.au	5
test_345.au	7
test_346.au	6
test_347.au	2
test_348.au	5
test_349.au	8
test_350.au	5
test_351.au	4
test_352.au	1
test_353.au	9
test_354.au	2
test_355.au	0
test_356.au	5
test_357.au	2
test_358.au	7
test_359.au	2
test_360.au	8
test_361.au	8
test_362.au	7
test_363.au	6
test_364.au	3
test_365.au	8
test_366.au	8
test_367.au	5
test_368.au	1
test_369.au	4
test_370.au	1
test_371.au	9
test_372.au	7
test_373.au	6
test_374.au	0
test_375.au	4
test_376.au	0
test_377.au	7
test_378.au	1
test_379.au	6
test_380.au	0
test_381.au	7
test_382.au	0
test_383.au	8
test_384.au	0
test_385.au	7
test_386.au	9
test_387.au	1
test_388.au	0
test_389.au	5
test_390.au	3
test_391.au	2
test_392.au	7
test_393.au	0
test_394.au	8
test_395.au	1
test_396.au	2
test_397.au	5
test_398.au	2
test_399.au	5
test_400.au	7
test_401.au	8
test_402.au	3
test_403.au	1
test_404.au	8
test_405.au	5
test_406.au	0
test_407.au	8
test_408.au	7
test_409.au	6
test_410.au	3
test_411.au	0
test_412.au	6
test_413.au	7
test_414.au	1
test_415.au	4
test_416.au	4
test_417.au	6
test_418.au	3
test_419.au	2
test_420.au	2
test_421.au	5
test_422.au	7
test_423.au	0
test_424.au	9
test_425.au	2
test_426.au	1
test_427.au	6
test_428.au	1
test_429.au	3
test_430.au	5
test_431.au	3
test_432.au	1
test_433.au	8
test_434.au	3
test_435.au	5
test_436.au	5
test_437.au	3
test_438.au	4
test_439.au	0
test_440.au	5
test_441.au	3
test_442.au	2
test_443.au	6
test_444.au	1
test_445.au	2
test_446.au	1
test_447.au	3
test_448.au	4
test_449.au	1
test_450.au	8
test_451.au	4
test_452.au	1
test_453.au	4
test_454.au	2
test_455.au	9
test_456.au	3
test_457.au	4
test_458.au	0
test_459.au	3
test_460.au	2
test_461.au	4
test_462.au	3
test_463.au	3
test_464.au	7
test_465.au	9
test_466.au	0
test_467.au	0
test_468.au	3
test_469.au	7
test_470.au	2
test_471.au	5
test_472.au	0
test_473.au	7
test_474.au	0
test_475.au	5
test_476.au	6
test_477.au	4
test_478.au	8
test_479.au	0
test_480.au	3
test_481.au	3
test_482.au	8
test_483.au	5
test_484.au	0
test_485.au	0
test_486.au	1
test_487.au	6
test_488.au	5
test_489.au	7
test_490.au	5
test_491.au	8
test_492.au	4
test_493.au	6
test_494.au	3
test_495.au	2
test_496.au	0
test_497.au	0
test_498.au	7
test_499.au	1
